years,Cumlative historical CO2 emissions
1850,2.66824996332499
1900,194.479960283894
1950,624.104186076028
2000,1692.7025807769
2019,2410.63753777355
